Accuracy,Precision,Recall,F1-Score
0.9666666666666667,0.9722222222222222,0.9583333333333334,0.9632850241545894
